10.809682146651523,106.7216597041035,76,4,5,False,10
10.801607342040045,106.69598822189911,386,3,10,False,9
10.796839913670382,106.68842065551847,342,5,7,False,8
10.784620956211473,106.71200006547889,324,5,4,True,1
10.809681015788792,106.71644343850294,472,4,6,False,6
10.807107971943429,106.73207313312048,41,3,1,True,9
10.792802365818824,106.7192841214015,244,1,8,False,7
10.781641951396523,106.69939880319902,191,5,6,True,9
10.805469782817424,106.69185972617346,406,4,9,True,9
10.805479355650604,106.69707583075353,346,3,5,False,9
10.782511788847557,106.71387518815693,425,2,1,False,2
10.786471473030012,106.71982389578653,219,3,5,True,9
10.80777807198454,106.68705754913942,219,2,4,False,6
10.793119327347437,106.69979151954985,283,2,1,True,9
10.787433488957987,106.70741851541845,247,2,1,False,7
10.806215933324815,106.69226128545151,82,5,6,True,8
10.7800034805833,106.7148522174821,451,3,8,True,7
10.784872982851478,106.697887797775,384,1,6,False,7
10.792426171135123,106.72475177773214,406,4,8,True,8
10.803703626202694,106.72786185570105,371,1,2,False,8
10.784462828477606,106.69510638959706,210,5,7,False,1
10.806856213657007,106.72870129539473,305,3,8,False,9
10.787361867927169,106.687695821227,244,2,9,False,2
10.800625783594446,106.69052112175386,476,2,5,True,5
10.796466727360496,106.72287890859286,103,5,3,False,3
10.783205163229773,106.69732755521845,377,5,6,True,9
10.7964345768473,106.71082271283444,424,3,7,True,4
10.790622305577363,106.73047475969095,496,3,10,False,3
10.785064674763342,106.7115530138744,350,5,1,True,9
10.796616564001532,106.69007535897337,212,4,4,True,5
10.806980241543776,106.69480389009708,66,3,3,True,8
10.807936678117972,106.72533971617746,500,2,4,True,9
10.796565074226603,106.69952980959197,233,3,9,True,7
10.781801628339023,106.70241939651518,87,1,9,False,2
10.796065631396615,106.69872328551091,383,3,3,True,9
10.807858131814006,106.71904339437492,276,1,2,True,6
10.78660024911647,106.72887075103104,356,4,10,True,5
10.778738556006491,106.69932123925949,115,3,5,False,3
10.805111464748961,106.70326587051386,297,3,6,False,9
10.800020835071066,106.72807803894719,233,3,6,True,2
10.784390998893912,106.70685706727359,185,2,10,False,5
10.796064859264574,106.69138434057547,395,3,4,False,6
10.80084437598201,106.73248137031716,220,1,9,False,8
10.807155075019208,106.6867830842359,136,4,10,True,7
10.798935775169621,106.72309351958852,318,5,6,True,4
10.801051073598924,106.71708002087996,155,4,3,False,4
10.798303381334257,106.72526806167959,466,1,10,True,1
10.798135021634678,106.71189124234792,273,2,1,True,1
10.788221168988123,106.70776541227156,71,2,10,False,2
10.800068801002103,106.70428028429228,456,3,3,True,2
10.788257287906706,106.71996250048336,438,2,10,False,4
10.78326292244132,106.70304223753206,347,5,2,True,8
10.780333977503258,106.69676117357021,360,5,1,False,5
10.789098186189182,106.70580418919272,315,3,8,True,1
10.807153004552628,106.70543506586515,452,5,10,True,8
10.7926403420616,106.7217551205189,294,2,3,False,1
10.789976970068182,106.71460847969352,301,5,2,True,8
10.801671758507569,106.70515439154536,442,1,10,False,9
10.79835238979034,106.69612136364616,271,4,9,False,1
10.807895293546641,106.6922901719974,70,2,8,True,5
10.77809496749749,106.73027449098605,232,1,1,True,4
10.8028933279079,106.70318762416845,17,4,10,False,6
10.792493393715882,106.6896263525008,394,2,1,True,3
10.779438977681416,106.70374221676299,17,1,10,True,3
10.800460017221516,106.70630245150335,405,1,3,False,1
10.796512790254557,106.72869919984856,445,4,9,False,9
10.793531538806686,106.69842399427156,325,1,9,False,3
10.794764465853651,106.69522551748287,279,4,4,False,8
10.785963343457519,106.69162346185347,281,4,2,False,2
10.782914217016684,106.69350517520105,365,2,5,False,5
10.779933518311,106.69137024120218,251,4,4,True,3
10.777773955423061,106.68699513748554,414,5,9,True,6
10.778737948830349,106.71708612688658,252,4,3,False,9
10.79452470416149,106.6928125440381,444,5,9,True,2
10.795274434314765,106.699332129976,116,3,7,False,4
10.791034067481423,106.69446960900095,300,4,1,False,9
10.795317522869347,106.71591606296353,169,1,3,True,5
10.782477320725672,106.71210984305706,444,4,8,True,5
10.776806151561756,106.69361321314243,315,4,10,True,5
10.783949982705334,106.69463642230055,35,5,4,False,2
10.789359368572132,106.69064454976093,165,3,9,False,1
10.81151500405222,106.692029356277,260,2,8,True,9
10.79150438002054,106.7286178673462,129,4,5,True,7
10.806766081002971,106.71075324175547,441,2,2,True,7
10.781633680593776,106.69454410753276,153,1,10,True,4
10.799161708529253,106.72202757696752,13,1,8,False,5
10.776961189942812,106.6985864942128,345,5,3,False,4
10.809938254164964,106.68984335299142,157,5,5,True,8
10.782214054015897,106.73093538787175,126,1,10,True,5
10.80763710422385,106.72910616049987,185,1,2,True,8
10.80548699181495,106.69883528244564,443,2,3,True,3
10.802590747201291,106.72653314020829,500,4,2,False,9
10.800742317906533,106.71543351487205,487,1,10,True,6
10.797855620376566,106.72679853360955,108,5,4,True,3
10.776743701598846,106.68746308989891,239,2,9,True,8
10.776906965182325,106.71645654618831,337,2,9,False,1
10.803120819380537,106.6895586909045,101,2,4,True,1
10.783149506869481,106.72616124239711,302,4,1,False,3
10.794348733867027,106.71763864264436,113,4,4,False,9
10.800567951806025,106.71350598681178,319,5,6,True,2
10.776715631687791,106.72880325924314,446,3,7,True,8
10.799535032267421,106.71882642733932,435,1,3,True,6
10.80723845207525,106.69547402389233,274,1,4,False,3
10.792132762118335,106.69831051070447,115,4,6,False,8
10.804273262893137,106.7196863334243,401,1,5,True,1
10.79692423717452,106.72614355566843,173,4,4,False,3
10.79413334534446,106.73008421197328,374,1,2,True,1
10.797783279688687,106.72323579305476,128,3,4,False,9
10.803241859404881,106.69413184204112,341,2,7,False,3
10.800934826849348,106.72565906075906,405,2,10,True,3
10.810268119594925,106.70287353964183,144,4,8,False,9
10.810395611341649,106.69140824314027,366,3,5,False,7
10.805011252480558,106.69351854289847,79,1,4,True,2
10.777953688092278,106.71123164674043,66,2,5,False,2
10.794067467922144,106.69789575438652,451,1,4,False,6
10.786716664637376,106.69188295937158,282,1,6,True,4
10.802555897390244,106.69031840502242,361,2,9,False,9
10.787964278930817,106.72569027955223,282,3,7,False,3
10.809724303596402,106.7141500836113,77,3,6,True,4
10.777890658348955,106.69545061670814,188,2,7,True,9
10.807104362576275,106.69966198519774,14,5,4,False,8
10.780819388818857,106.70633589430143,74,3,10,False,3
10.782452773205929,106.72801403216651,489,2,5,True,6
10.803640541917316,106.71995809464167,92,2,5,False,3
10.792635470601152,106.6945245610192,170,1,10,False,9
10.791918736485806,106.68985148489364,432,1,10,True,6
10.78651371375446,106.72982771261532,171,5,2,False,7
10.799198892211052,106.72501152182458,157,4,2,True,4
10.778875666931558,106.69422869670379,353,1,2,False,6
10.800344505086226,106.69909003393039,422,1,3,True,1
10.810816414133994,106.68896763029784,187,3,2,True,9
10.794703797829007,106.7218169535477,133,4,2,False,1
10.806608849132191,106.72754840648797,240,1,10,False,9
10.794189545147633,106.70537413236373,114,3,10,True,4
10.80527923593121,106.69785803271088,405,4,4,False,3
10.795042620106555,106.71731254748762,373,3,4,False,1
10.784419487528226,106.70335167230768,384,4,3,True,7
10.790754008349081,106.69434994608774,298,4,10,False,6
10.793437153112409,106.6874177006444,308,5,2,True,3
10.784971838871844,106.70617335355753,149,4,5,True,7
10.778449128603386,106.71957706874657,412,1,6,True,5
10.803080964124593,106.72783997859467,403,1,3,True,5
10.808079601100982,106.7090429959625,283,2,2,True,9
10.779713271484724,106.70544871418478,16,3,1,False,6
10.805900480424015,106.72384685432208,459,1,7,True,8
10.802473042666037,106.69698445754787,246,4,1,True,5
10.803691745218202,106.70192456321067,127,4,8,True,9
10.780854855836955,106.69579127071565,148,5,9,False,4
10.802265465118582,106.68710759135885,267,3,8,True,6
10.78711208272604,106.69865547249556,297,1,1,True,4
10.785553985530589,106.7111986245263,163,4,2,False,9
10.809023819236476,106.73292925064973,226,1,6,False,1
10.80840154900823,106.6914811430601,121,2,2,True,1
10.791474602270032,106.72410226248594,253,5,4,True,7
10.805283086767325,106.70781658936708,249,4,7,True,5
10.779391292499932,106.69682862533506,22,4,4,True,8
10.807631302752608,106.70825466062777,229,3,7,False,3
10.793291499575245,106.69716565103201,467,5,10,False,3
10.77787840190394,106.71875131605724,216,2,4,False,8
10.799334822619226,106.73057703882883,159,1,10,True,6
10.804056148897459,106.69924063871898,223,5,5,False,9
10.7774521724891,106.72584265430399,138,5,6,False,1
10.78673345000079,106.69050034465074,94,4,4,True,6
10.80600901433965,106.72611802925155,419,4,9,False,2
10.793577018727412,106.68802357914818,30,5,1,False,8
10.803564239890513,106.69953848370756,486,2,1,False,2
10.780652682983428,106.71582052265498,125,3,7,True,6
10.782765477870855,106.7056214623528,11,5,6,False,1
10.796668997541746,106.70089169965998,121,3,5,True,6
10.80140436301055,106.71753568637352,395,2,10,False,5
10.782099855019379,106.69964582241894,85,5,6,False,5
10.787742435260057,106.71544306647665,408,1,10,True,3
10.801807831627796,106.68801446247814,355,5,5,True,9
10.808456737259132,106.71433180236639,319,4,10,False,7
10.804613369357485,106.71265694173688,360,1,10,True,2
10.78726870964928,106.68901843723282,16,5,7,True,3
10.804392982943211,106.72498818597181,389,5,3,False,1
10.798425374350233,106.69738052061908,47,2,3,False,6
10.80429025116513,106.70326285266829,47,1,8,False,6
10.799777565567776,106.6947368078483,486,4,1,False,7
10.809849227367247,106.72764675875848,111,2,10,True,8
10.794198923438785,106.72302475281073,43,3,2,True,7
10.787029366072602,106.71522020513427,214,1,9,True,8
10.780643295799916,106.71925230320461,74,4,1,True,1
10.803200211230292,106.72918051289065,154,2,5,False,5
10.782273391571472,106.70907680070108,108,4,6,False,3
10.807584217187308,106.72334258077399,194,4,7,False,7
10.784803219782072,106.72693428095533,21,2,7,False,5
10.784733412539087,106.69062592721849,278,1,5,True,1
10.798313635545583,106.69249125103764,424,4,10,False,5
10.777181446291083,106.73078390125197,279,5,2,False,2
10.796673442735269,106.70060087433924,364,2,5,True,3
10.805003741364064,106.72659543065835,236,4,2,True,5
10.79567106650239,106.72888391688963,156,4,2,True,5
10.812009154296257,106.69488982027173,145,5,1,True,3
10.785258883336875,106.72223539897081,199,2,3,False,6
10.805225722098527,106.71656238515465,161,2,1,False,4
10.80060437218858,106.71602020298552,462,3,6,True,9
10.800893768247567,106.72952738812585,111,1,10,False,8
10.782247529624192,106.68995907087444,214,3,2,False,4
10.795246050825494,106.71982014734401,15,1,9,False,3
10.803698696222947,106.72697705588864,452,3,5,False,9
10.781300280024885,106.72248288360977,472,5,5,True,6
10.782911365189793,106.72242634014444,153,1,3,False,7
10.776591868722452,106.71797431915479,95,1,6,True,9
10.797720856573902,106.71014614533749,174,2,9,False,1
10.788903447136988,106.69475547332829,369,4,10,False,7
10.790904899965382,106.7206371253593,302,2,1,False,5
10.80831906225444,106.68942050368017,381,1,7,True,6
10.810098327052343,106.73093053332002,246,1,5,True,1
10.781207814457977,106.72145207125864,446,2,6,False,3
10.78232651094215,106.72351195736942,88,5,9,False,8
10.790718626693177,106.7030387451509,497,3,5,True,9
10.796345307826657,106.7108592577127,189,2,2,False,2
10.81212896698221,106.68820818029307,465,1,7,True,8
10.799301315408643,106.70644467960281,115,2,4,True,4
10.80611524692015,106.70147489459966,390,1,7,True,3
10.812262376756319,106.72125604067786,272,3,6,True,1
10.792304170616477,106.69762428459646,203,5,2,False,2
10.788030426778397,106.69497449139557,263,1,5,False,8
10.779167231959052,106.73218607719365,272,1,5,True,9
10.791293367810527,106.71713245483,64,3,1,False,4
10.783888740662789,106.7143960946889,432,3,5,False,1
10.786615831753892,106.71633639785293,99,3,7,False,6
10.806183594415373,106.72859112524797,281,2,8,True,5
10.809621825842067,106.69956266196105,307,2,10,False,6
10.788468838397579,106.72003331182864,184,1,8,False,6
10.784452513679177,106.69622309201262,396,4,1,True,9
10.787845796440093,106.72474662579988,120,1,9,True,6
10.788567121592429,106.72549550786216,200,4,9,False,1
10.79354829613317,106.73184559710434,470,3,3,False,4
10.792105658315387,106.68822912694064,20,2,7,True,5
10.810047784021014,106.69360752895221,92,5,10,False,5
10.807685479834543,106.68966146194002,412,4,9,True,4
10.791883207485117,106.69818439042743,396,3,1,True,7
10.794944353601968,106.69282945487387,342,1,8,False,1
10.796754319543261,106.70078548341695,125,3,1,True,7
10.795671795295739,106.70419801971028,313,5,6,True,9
10.778156629560968,106.70891617381372,479,3,3,False,8
10.809913048415277,106.68804593124928,450,2,7,True,1
10.777434462182708,106.71344256019407,34,5,2,True,6
10.785079033023976,106.71857242876594,377,5,1,True,5
10.779089242868785,106.69072346215948,349,3,9,True,5
10.785457285192685,106.70300387110191,267,4,2,False,6
10.806172425457284,106.72888206163228,186,3,1,True,8
10.801271603226764,106.72269645274183,91,2,7,True,1
10.812298457561416,106.69289950706558,437,4,3,True,1
10.789418782764452,106.70643551662239,396,5,4,False,7
10.802115227141444,106.72242007189058,392,5,6,True,7
10.791149260906119,106.7269083504031,332,1,1,False,5
10.786067883176464,106.70342727272694,75,2,10,True,9
10.776925969716567,106.72457741605092,284,1,2,False,2
10.803095334800767,106.69222053848338,450,4,9,False,7
10.789936062892881,106.7019372595364,116,1,2,True,5
10.78909807539894,106.72985075204349,385,3,6,True,1
10.778819506774028,106.71696045027578,168,3,3,True,5
10.794535418395672,106.69869729976259,249,5,5,False,6
10.792261099850272,106.71819234513038,178,4,9,False,8
10.80978232560561,106.68736492166907,260,1,10,False,7
10.790336917153695,106.69079127214685,366,5,1,True,4
10.812218583323304,106.7034487180903,126,5,9,False,7
10.802553626819563,106.7043915034825,320,3,3,True,6
10.788142520582774,106.69033947843208,435,4,3,False,7
10.803608933602177,106.69984853782898,334,4,3,False,6
10.782182161408484,106.70067875674488,272,4,2,False,4
10.795896221714521,106.691103927656,128,5,6,False,9
10.801972243893562,106.6952103864077,384,1,9,True,1
10.809168223466115,106.7254132375869,364,2,8,False,1
10.783914967160765,106.70417894476313,252,3,1,False,8
10.782979394631626,106.69535539253079,139,3,4,False,5
10.78489575047955,106.70592054551068,146,4,2,True,8
10.811285489444202,106.72431702223622,230,2,8,False,1
10.780413929855898,106.71097873428027,265,5,2,True,8
10.78972127167363,106.73158259657775,129,4,2,False,9
10.782257083443989,106.71040913447077,403,2,2,True,1
10.798790328113,106.73089696594556,34,4,1,False,1
10.805844087082232,106.69327463546408,99,2,1,False,1
10.807408739743408,106.69331932131541,500,5,7,False,6
10.786836541625858,106.72684437376269,100,4,10,True,8
10.785924108747851,106.71808006924964,66,3,1,True,2
10.790795318797372,106.71678219624458,222,1,2,False,6
10.7864241843565,106.70769243627375,91,4,3,False,4
10.808232042311703,106.73012595450341,122,5,5,False,5
10.79742147196558,106.71955110529429,208,4,10,True,4
10.795323320646462,106.70561590099828,135,5,3,True,8
10.803537170203855,106.71809636849164,168,2,2,False,3
10.796692553449455,106.73124737017969,444,4,5,True,5
10.791607593416165,106.69374700596245,179,5,4,True,8
10.797741916941689,106.71976707539731,97,1,10,True,7
10.778199664909572,106.69477394181384,243,3,9,False,7
10.7788818528299,106.7209634332732,257,4,8,True,8
10.801834516423712,106.70971928639108,264,1,7,False,2
10.77999884496695,106.69161345612427,199,5,5,True,5
10.788746970785883,106.70185523197473,16,1,2,True,5
10.788846041243351,106.71755722915894,223,3,7,True,8
10.791578686321882,106.72971981806977,224,2,4,True,6
10.808899224141522,106.69226088958109,71,4,5,False,4
10.800643698167883,106.71125033569149,155,2,4,False,2
10.805066594728974,106.70438359546482,371,4,7,False,8
10.780558631558264,106.72220401414862,211,3,10,False,8
10.806708985513872,106.70264188171605,484,2,6,False,2
10.782729792622797,106.70369818486863,320,4,8,False,3
10.782092405681622,106.69931518593769,30,2,10,True,5
10.78823176160067,106.70817964584187,102,3,4,True,3
10.812113809565735,106.72499959804135,247,2,9,True,4
10.799716227985892,106.69315625197636,174,5,8,False,7
10.801415775345294,106.69753040645709,352,3,7,False,7
10.778926642485496,106.70211733532491,448,5,5,False,9
10.804745792425383,106.69297424281606,163,3,2,True,8
10.78431172198804,106.71023791065328,443,4,3,False,1
10.77839607880337,106.72665114890303,246,4,3,False,3
10.808502525749816,106.70843693055937,324,3,9,True,5
10.776942997863479,106.72541112328717,393,5,6,False,9
10.808572564712009,106.68833489977357,497,4,8,True,4
10.79597798067674,106.72821706734298,472,2,8,False,6
10.801835220990908,106.73222669640914,251,1,4,False,9
10.801153479736437,106.695239129398,392,3,6,False,1
10.801039536213098,106.71009070414824,32,3,8,True,8
10.806167843146183,106.7318694811889,183,5,7,True,3
10.801435074393758,106.73228415088126,238,4,9,False,1
10.799539403920845,106.71479417101298,136,3,8,True,9
10.80933403451353,106.70729474373213,196,2,6,False,3
10.791517993050416,106.71651807555217,270,3,3,False,4
10.776947115352264,106.71520251842718,410,2,7,True,7
10.801601490225627,106.7052156536648,164,2,2,False,7
10.811887063369056,106.72819231242234,300,3,7,True,4
10.808274279906346,106.72746076296818,488,2,5,True,7
10.804589614031684,106.71608187666547,470,3,6,False,4
10.791103935040576,106.72093933780559,446,1,9,True,6
10.79057229279823,106.70947495167344,461,4,4,False,1
10.791995103903126,106.6938347907142,436,4,5,False,8
10.799243330844574,106.6891641850913,321,2,9,False,5
10.779984015608362,106.72085205952978,286,3,5,False,6
10.804564917039876,106.7280695053819,300,3,6,False,6
10.782331970673125,106.70985306095926,478,3,3,True,3
10.779136931530113,106.70830588029789,42,3,7,True,2
10.78837169918032,106.7055486955787,403,5,1,True,6
10.793002168944284,106.68711395562434,76,1,2,True,9
10.77759083560027,106.71327102799629,486,1,4,True,9
10.77720865536407,106.69654923573427,337,1,5,True,8
10.782665525053774,106.70629347683062,37,2,3,False,5
10.801700470458922,106.70058038370233,355,4,4,False,4
10.779583718207595,106.70673998443867,131,4,9,False,9
10.798183128037119,106.68834928381497,99,1,1,True,8
10.788397331741717,106.71042484205178,424,5,5,True,2
10.785321509907863,106.71095428613538,363,2,7,False,3
10.798475896555342,106.69391313480303,123,4,1,False,4
10.806706127183418,106.71436128797923,91,4,5,False,7
10.778381126607039,106.71129138361553,323,5,2,True,2
10.80881346037932,106.6925560239415,62,5,6,False,6
10.778494156050426,106.72455334298947,364,2,8,False,8
10.78758345838033,106.73063288663127,96,1,10,False,6
10.797942740280115,106.7111637262563,314,3,10,False,3
10.795129355848369,106.69972914465446,414,5,8,True,4
10.79302502758987,106.71473242301555,417,1,4,False,9
10.804887047806895,106.71561830851498,96,2,1,False,5
10.783642752953668,106.71289037745905,399,4,4,True,8
10.80713296226494,106.72955426932796,76,4,8,True,9
10.779422327757064,106.73051862434868,260,5,4,True,4
10.804311658623506,106.69826325862176,152,5,2,False,6
10.786105609634188,106.72557042133285,151,5,7,False,7
10.78239744501399,106.71496717648981,176,3,6,False,7
10.811208359311802,106.69946485025916,294,3,3,False,9
10.797663473624711,106.69720963316799,467,1,10,True,3
10.801592250742903,106.69868844773362,196,3,8,False,2
10.808674013003474,106.70714482615779,339,5,10,True,1
10.786815084034524,106.70506289213785,460,5,10,False,9
10.805401795214022,106.72796038343773,355,4,3,True,3
10.804328743014613,106.69803372174299,46,2,6,False,5
10.786090659118193,106.69556568570344,276,3,9,False,2
10.805245986747035,106.69450364090413,238,2,4,True,7
10.795772253336132,106.70870046364034,56,5,1,True,5
10.781705319451168,106.69210638691774,26,4,1,True,1
10.785249851373575,106.71764476315826,318,2,8,False,9
10.776633209867029,106.70735952070409,352,2,2,False,6
10.789630114422225,106.72946443581985,109,3,2,True,7
10.801481867055415,106.71384968215052,357,5,6,True,7
10.803089620932324,106.71139903458142,73,3,5,True,8
10.801748211329915,106.69658461851608,471,2,2,True,7
10.789210159004817,106.68739223244242,62,1,6,True,6
10.796279321406713,106.69501606232772,176,3,8,True,6
10.802191097611578,106.73137726922049,256,4,5,True,3
10.804769875704428,106.69443595312626,60,2,8,False,1
10.78602505875059,106.72505979975976,326,5,3,True,2
10.805545580361093,106.69098788472589,119,3,8,False,8
10.788822588545983,106.71457322034905,500,1,1,True,8
10.79905777605807,106.71328045854719,222,1,4,True,8
10.794041428496369,106.7167879817647,95,1,3,False,9
10.785150123809487,106.71014165515878,490,2,6,True,6
10.805441717579377,106.68673987189217,338,1,1,False,1
10.778671098545113,106.71511966987805,168,3,1,False,8
10.787145431566392,106.71293401816594,49,3,3,False,6
10.778129046909886,106.72328108183629,313,5,8,False,9
10.802636633894256,106.69979220133447,341,5,7,True,1
10.786722769757498,106.71476206992408,130,3,1,False,3
10.795953835506214,106.71918327438941,125,3,2,False,8
10.793546099278378,106.73174906583067,470,2,2,False,8
10.793033929574376,106.68912999862195,498,3,10,True,5
10.80896367737004,106.72434305354395,421,3,1,False,5
10.800249924283817,106.69014948304554,323,4,2,True,7
10.802260824204154,106.69410968206098,425,3,5,False,3
10.80314842726882,106.69581536494137,157,1,3,True,6
10.785099300044388,106.71529349939672,365,5,7,False,8
10.810666526970603,106.7242768295686,66,4,8,False,6
10.798910110819847,106.7002221122245,457,4,10,False,6
10.809801964346576,106.68830737032299,28,4,7,False,5
10.8025496401353,106.72967579957935,307,2,8,True,3
10.788658082110203,106.72992309358908,194,3,7,False,1
10.779254714296984,106.69474172335504,305,3,2,True,9
10.798174621373942,106.73173165126198,491,1,8,True,9
10.795972891734243,106.72498931422793,33,5,4,True,5
10.802642871559915,106.71058274800694,166,5,4,False,8
10.80288316060602,106.69588815785914,201,5,3,True,3
10.802043767589383,106.72732542988979,306,5,5,True,3
10.788662645428273,106.70026863328997,190,1,4,True,1
10.804502129378514,106.70139684277818,143,1,10,True,3
10.788435928420592,106.71198312816526,257,4,1,True,7
10.81043130880716,106.70973771035794,195,5,9,False,5
10.80604599034458,106.69046583882206,225,4,9,True,1
10.781757591110313,106.72406801390035,392,1,2,False,2
10.808418331321828,106.71872763410437,38,5,10,False,6
10.794918743479506,106.72961212396642,63,5,5,True,9
10.80105657501039,106.69860922267821,440,5,4,True,4
10.800889722757116,106.70822573103013,57,1,9,True,8
10.797047076164977,106.71488862697049,346,3,7,False,6
10.777748838063143,106.69772525848734,250,3,4,True,5
10.80660906023457,106.69263610237853,317,4,7,True,4
10.809789698565949,106.68724058730255,439,2,10,True,5
10.798919024154387,106.70464931612511,435,2,10,True,5
10.808709483751846,106.68656886720176,411,2,4,False,9
10.779948304552445,106.72792506862969,92,3,2,False,9
10.784256001283818,106.71238383383334,126,3,10,True,4
10.782465566116475,106.73049711202644,26,4,3,True,4
10.796116667323973,106.7096005700103,433,2,1,False,8
10.777057003602485,106.72253750062767,228,3,5,True,1
10.783183099890351,106.69197468230972,449,2,1,False,8
10.778250391958798,106.71404686297011,369,1,9,False,5
10.778096234706334,106.7165236647807,275,4,1,False,8
10.797781463037516,106.70309359063141,180,4,4,True,1
10.7958380246646,106.70652567430766,447,5,1,False,4
10.806494941852765,106.69545738098476,69,2,8,False,9
10.77756645997319,106.68644666115168,256,4,8,False,4
10.795474677227867,106.72638976401228,17,1,9,False,9
10.778808645476815,106.71316938650915,442,5,4,True,5
10.809435440835358,106.68904817015745,441,5,10,True,1
10.798664803138946,106.71207368613368,382,5,2,True,4
10.810529596171426,106.72085877455632,248,4,4,True,8
10.804884543013246,106.73182671831906,87,2,5,False,9
10.810871577180848,106.71387971660594,281,1,6,False,8
10.776779727181566,106.72866926837439,367,1,7,True,7
10.780575045322932,106.71548303572612,416,5,8,True,3
10.778583563575957,106.70764797677806,125,3,1,True,5
10.794119471268367,106.71189460441447,237,4,7,True,1
10.80067823424744,106.7001222272334,440,4,8,True,8
10.793182559914268,106.70951094392309,98,3,5,False,9
10.799447049437056,106.69253420964984,32,1,8,True,2
10.793062280703708,106.72364728215327,210,5,1,True,2
10.7948106260598,106.72103118615159,470,5,4,True,6
10.800538425514715,106.71681370341514,324,1,4,True,2
10.796496868585061,106.69364072706028,348,5,7,True,2
10.782699602008346,106.7255014245577,234,2,10,False,9
10.792738529004591,106.72259456390161,128,4,10,True,5
10.78505178067394,106.70472294364326,347,4,1,True,5
10.777873112375563,106.70354842337936,219,4,9,False,7
10.80366665473281,106.72686981256639,137,2,5,False,3
10.799778120223746,106.70242131952122,369,4,3,False,3
10.787636475611347,106.70041308172003,87,4,2,True,4
10.781692202946497,106.70881376590881,335,3,4,False,2
10.787270143231373,106.70982237584236,368,5,7,True,1
10.794721007594163,106.70632579182701,314,2,9,False,6
10.806877832615204,106.70144876134086,175,3,2,True,8
10.811080259871513,106.73277320684511,432,5,9,False,5
10.806433980806505,106.71544764703856,242,4,5,True,3
10.806266856421898,106.6907254454442,55,3,3,True,7
10.806241654283223,106.715595843409,23,3,7,False,2
10.797908348355778,106.71370046943831,148,3,3,False,6
10.795943044319984,106.728278630708,252,3,7,True,4
10.779547171492565,106.68999274295362,467,1,1,False,3
10.803937902491594,106.70949242987784,139,5,9,False,4
10.78829355194205,106.70448223207491,191,3,10,False,2
10.81017256503668,106.73220823781489,444,5,9,True,3
10.780713419293122,106.69516897102118,305,3,9,True,3
10.785417111285941,106.703565814473,403,2,7,False,4
10.798652826653209,106.68688523010316,397,5,7,True,7
10.786833434129944,106.68706697367848,65,5,4,False,5
10.798913717915392,106.72614031708385,280,5,3,True,3
10.809731093904912,106.73063862652175,314,2,1,False,2
10.810335831258703,106.69688589297824,58,4,5,True,3
10.807008347475586,106.72912788301838,120,4,5,False,7
10.806378067569497,106.72248295978244,175,3,6,True,1
10.7973275205597,106.72206949428352,461,1,9,False,5
10.805816015848606,106.72353521766179,345,5,5,False,2
10.79705693965337,106.71308974886685,475,2,9,False,6
10.797000240141502,106.68894700244498,366,5,2,False,4
10.801479355279774,106.72648358476442,425,2,6,False,3
10.803787154484128,106.7324386362169,25,2,4,False,5
10.777197800032413,106.70716115317975,96,3,2,True,2
10.80327544396037,106.6977380240141,308,3,3,True,1
10.798565842832005,106.7127614166683,164,3,8,False,9
10.782039734610548,106.69226622770303,166,4,6,False,6
10.811037367641104,106.72144687794032,190,1,8,True,4
10.794523902237648,106.72636250843007,498,2,9,False,9
10.779172641462115,106.7138472758518,10,3,6,True,8
10.803852358975337,106.71297551108562,53,2,6,True,7
10.797482682207814,106.69853697159526,266,1,5,True,7
10.804134373869934,106.732554184845,215,3,5,False,4
10.809574462167918,106.71396915377751,133,5,2,False,3
10.7828337246178,106.7205260029699,216,3,7,True,3
10.791717078958929,106.70106857577629,256,1,8,True,7
10.777063848029242,106.69524571358399,391,2,7,False,1
10.788870326423318,106.72605472312084,127,5,7,True,4
10.808855159297286,106.71263686156735,64,1,4,False,9
10.793745930280844,106.70070419883945,107,3,8,True,2
10.800680663358262,106.70607291860962,316,1,2,True,1
10.792870291411106,106.7076702813775,267,2,2,False,1
10.796479815662106,106.69557002272127,448,1,9,False,8
10.778965273215045,106.70021806110945,355,3,10,False,6
10.786573371492782,106.69061124298551,473,2,6,True,6
10.797541320894307,106.71495328872793,235,4,5,False,7
10.785532422220912,106.69765689386718,86,4,5,False,3
10.789882874079721,106.72155659487417,110,3,6,True,2
10.807151553754228,106.69052060859545,216,2,7,True,6
10.785377786300003,106.72017287904332,400,1,1,False,2
10.802113967699713,106.71706897741844,269,2,1,False,3
10.786653588883258,106.7236840917025,306,4,4,True,9
10.807330870341017,106.71462572584112,312,2,3,False,8
10.802250722167958,106.70077002512507,260,3,10,False,1
10.807439634365718,106.72158761544316,391,1,5,False,7
10.79805760679847,106.7316172191852,371,2,9,False,7
10.806862779288709,106.72029975997414,471,1,1,False,2
10.8025994679771,106.71874300726152,119,2,8,True,4
10.796586183835679,106.71136371174559,127,3,8,False,9
10.787022670354496,106.69997228866285,287,5,1,True,6
10.812202661487085,106.72813142366729,307,4,2,True,2
10.795498086044937,106.71032732214071,57,1,4,False,8
10.80813884979683,106.71657699254553,23,1,5,False,9
10.778881584674803,106.72374219961759,473,3,3,True,4
10.796422094904303,106.7115699740397,105,3,5,True,6
10.795872990373006,106.71469191160253,372,2,5,False,2
10.80499427567113,106.71181136076433,185,4,6,True,3
10.805329094236951,106.7307316868829,377,5,1,True,3
10.795110169427913,106.69489177410888,177,3,4,False,7
10.779355516471613,106.69603389017003,351,2,8,True,5
10.793893326062381,106.6895670727152,259,1,6,True,1
10.79587392334033,106.70272656545274,63,4,4,True,5
10.791124181505781,106.71870563610484,480,4,10,False,8
10.808418146287925,106.71983238935721,115,3,5,True,6
10.800868809980606,106.69267922874597,55,1,3,False,5
10.791654720463736,106.70142373223678,63,1,6,False,1
10.798808217922492,106.72098250273872,389,3,3,False,2
10.779315172722102,106.6875654505143,447,1,6,False,1
10.81202234637378,106.717021012179,313,4,2,True,4
10.797211365355766,106.68873527158604,44,1,4,False,3
10.811740713647378,106.72929937698221,429,2,10,True,9
10.778536928779463,106.7000995809068,400,3,10,False,1
10.808965333320648,106.6897010135512,488,4,3,True,6
10.79372122814318,106.73233886417131,77,5,2,True,7
10.800687928604978,106.7260427172209,343,2,2,True,1
10.797185857711067,106.71306977871589,376,1,1,True,9
10.803164608819062,106.70802495398426,335,3,7,False,3
10.801143183261313,106.68866166300529,333,5,6,False,2
10.786786201901412,106.7317822220639,351,2,5,False,3
10.800746443474322,106.72790384208676,23,2,8,False,6
10.805903232904324,106.72502003881131,98,4,4,False,4
10.802732351538719,106.72765489956252,429,1,9,False,7
10.807985897697849,106.72452962139283,435,4,4,True,7
10.79809300583436,106.70749810388332,293,5,2,True,6
10.78006969792107,106.71988557196045,461,3,7,False,2
10.787556250711367,106.69364244310489,344,5,5,True,6
10.798360136460635,106.69348047128722,285,4,5,False,1
10.794495793361211,106.68640607303271,109,2,5,False,6
10.799940948008112,106.72391641059858,142,4,5,True,3
10.779608101276215,106.72777376591078,491,1,8,True,3
10.803833239494242,106.70532725101646,358,2,2,True,5
10.805188787032623,106.69038048300231,375,5,4,True,8
10.808777849801121,106.71432161762691,361,1,2,True,7
10.794195035169238,106.72679516125041,203,5,4,False,3
10.798065989381076,106.68873395184524,44,5,4,True,5
10.78498681367473,106.73138718038872,312,2,5,False,8
10.783202891930845,106.71260973621646,242,5,4,False,5
10.794950453306301,106.71712352178213,304,3,5,True,4
10.810035788445573,106.70558143082768,381,2,3,True,6
10.784325824242734,106.73143841638047,217,5,4,False,5
10.795128993837821,106.72611024140231,280,1,6,False,4
10.795939792780818,106.71609705409335,376,4,1,True,7
10.802157824002865,106.72089323998813,204,2,9,True,1
10.803596267876147,106.70975459358137,207,4,2,True,2
10.788927934252813,106.72188912852518,168,2,7,True,5
10.784334149495049,106.73039228619908,89,2,4,True,4
10.79551995999377,106.69875158001098,386,4,3,True,6
10.809038742013607,106.71924672614736,35,2,9,False,4
10.776754942125393,106.72323413915078,251,2,8,False,6
10.802878407542709,106.72997289376964,177,5,5,False,5
10.811215814671609,106.70204893460647,31,1,6,True,9
10.791797119244727,106.68827799139993,356,5,6,True,8
10.792084985055464,106.7218546824563,349,5,2,False,7
10.810592856453976,106.69683910997826,241,3,2,False,4
10.810557736683402,106.72311390452988,477,3,6,False,6
10.787796109450186,106.72600804347594,260,2,8,False,4
10.789326734457411,106.73080141834056,10,2,10,True,3
10.803141005102834,106.70207144312064,251,2,7,False,8
10.796879847876626,106.70355540495746,117,2,3,True,2
10.80420905716008,106.69988880125744,130,3,1,False,6
10.789506612982688,106.73071138425975,53,1,2,True,1
10.777060925546852,106.69800867621358,401,2,6,False,2
10.804807093466707,106.73028715763616,374,3,5,True,9
10.795094517768932,106.691169460732,292,2,3,True,3
10.809745312120283,106.72948896144342,182,5,2,False,9
10.788352178806832,106.72048619985486,117,3,2,True,6
10.79155728313464,106.70353561626725,497,4,9,False,2
10.808582261892596,106.69558984912057,372,2,2,True,4
10.78154104723543,106.73100260270319,365,1,7,False,2
10.792529006154382,106.71957654147896,128,4,7,True,7
10.808402614070927,106.72864105472755,441,4,6,True,3
10.784440868757413,106.68810896608741,217,1,2,True,5
10.803284795547242,106.72342087303325,262,2,1,True,7
10.798229602573363,106.69145687737029,462,2,5,False,8
10.79502488771845,106.73108113111397,151,1,1,True,4
10.794171066298112,106.72567142382599,74,5,1,True,9
10.795299785988497,106.69644284042278,48,3,1,False,5
10.796847305442315,106.71423614374892,459,4,3,True,4
10.790268133384746,106.72470799741394,343,4,4,False,2
10.788722691849651,106.68653694247149,436,2,1,True,9
10.800303564510662,106.7163153849441,306,3,10,True,7
10.785923353681552,106.69809273788108,15,1,9,True,2
10.780220968462142,106.69673403521587,67,5,4,True,7
10.810062897472461,106.71527914539625,84,2,6,False,1
10.799491654395075,106.7243666592279,304,1,10,False,1
10.804035549048237,106.72588423944232,279,5,9,True,1
10.790910038682362,106.69305443951686,211,4,10,True,3
10.779630838062559,106.71086534306592,41,4,2,False,6
10.789760032186804,106.70007428099589,318,5,5,False,2
10.800229846680343,106.70160424659596,244,4,9,True,3
10.785770304748757,106.73095983614733,322,3,8,True,6
10.803196638200573,106.69886931648946,170,3,8,True,8
10.777721221267262,106.7242387175195,138,3,6,True,9
10.783853649896349,106.71278042580153,280,2,2,False,4
10.80969673392146,106.7330977510948,73,2,7,True,4
10.778017172543157,106.71854234094396,194,1,6,True,3
10.801845303553884,106.68781013515581,232,4,8,False,5
10.797039389029049,106.70856132523072,354,2,9,False,1
10.780052988279358,106.72009491892868,459,3,4,False,2
10.809159532456396,106.69189288623414,154,3,10,False,7
10.793971825578346,106.71598248202567,219,4,7,True,7
10.791595467997627,106.7133642237677,271,5,2,True,9
10.782669288253713,106.70870323939832,379,3,1,True,9
10.78164048381491,106.69114801687934,420,4,4,False,5
10.79375784282782,106.7143058583133,272,2,1,False,7
10.778720452942018,106.70778696474639,260,4,9,False,4
10.777036366648446,106.70016106121527,148,5,3,False,8
10.801732429340511,106.69113307879068,484,4,8,False,8
10.792725513712574,106.70407433513944,335,5,10,False,7
10.783212242039426,106.70833961593189,27,5,4,False,3
10.782215854969383,106.68654166669155,317,5,6,False,7
10.805142938161282,106.7191240883931,57,5,9,False,3
10.786063545068947,106.69997979628877,477,3,10,False,2
10.77811326546365,106.7076482516225,279,3,9,False,6
10.805048192515446,106.68778833251709,430,3,2,False,4
10.789323843684823,106.71736669464971,310,2,4,False,8
10.808933231162005,106.72505003522386,76,5,2,True,3
10.779416571432556,106.70634069789013,438,5,7,True,3
10.800253743696135,106.72650791281319,289,2,2,False,9
10.776686761557425,106.71142707219286,163,4,10,False,9
10.791000434875256,106.73304727975537,209,4,7,True,8
10.807181464398628,106.73241791946559,466,1,7,True,7
10.812089080331436,106.70058521035567,207,4,5,False,9
10.798762816979336,106.71417207188426,82,4,4,True,7
10.784007114406155,106.7277203571273,323,3,1,False,1
10.805939426200718,106.69875885293246,169,4,4,True,8
10.809608136585009,106.72059394879014,325,5,1,True,2
10.801669712570469,106.70795675615682,493,4,4,False,7
10.779214901038815,106.69378434428678,374,3,10,False,3
10.798561635937817,106.72710989883046,38,1,4,True,6
10.793969884050773,106.69365078575268,90,2,9,False,2
10.783183235189387,106.71572763143497,360,4,8,True,1
10.810664505659854,106.7062289254917,295,5,6,False,3
10.80730084377725,106.69716474849133,226,1,7,False,2
10.81210813800297,106.72398824776725,282,3,9,False,1
10.806358467351867,106.72188186387154,437,5,7,False,1
10.80987736183566,106.7173920002908,116,5,5,True,3
10.802874575077164,106.70812895575402,367,2,2,True,2
10.794006599987348,106.7317615192524,387,5,9,True,9
10.802214097393463,106.70667558102724,169,4,6,False,6
10.803960898264542,106.69797749784283,426,4,4,True,3
10.807559422152828,106.72805243592903,342,4,5,True,2
10.791455543647784,106.70016564759344,340,1,4,False,9
10.777121922635073,106.71726892295139,87,4,7,True,6
10.809185782689855,106.69781175233007,363,2,2,False,2
10.811238746319981,106.72578973313749,292,4,2,True,8
10.785375154665564,106.70307795933913,331,3,3,True,8
10.803689516578768,106.70353920938281,211,1,5,True,9
10.806797384255379,106.72138517104636,296,1,4,False,4
10.796117947843758,106.70626474646305,242,1,7,True,4
10.79005585482649,106.69541645020254,211,1,1,False,4
10.806933156382058,106.72131032922131,460,1,1,True,8
10.810230358380508,106.68677392899372,216,2,1,True,3
10.79665339098244,106.72738810199945,40,2,5,True,9
10.776772212366357,106.72874454800362,79,3,9,True,4
10.794744042472518,106.72526951558703,273,5,5,True,5
10.799932548358306,106.71135331869512,54,1,6,False,1
10.79568364391758,106.72165539208726,485,3,10,True,9
10.78893860701126,106.72035608562268,329,2,4,False,9
10.781736820419246,106.7154135828395,364,4,1,False,6
10.788605705817764,106.69417513370047,210,3,8,True,7
10.811767245203013,106.7139847155804,436,5,4,False,4
10.77693604822731,106.68841563415917,181,1,1,False,7
10.785892767574781,106.7164972653398,306,3,8,True,1
10.778793904885388,106.71410286475617,39,1,5,False,5
10.794182418745956,106.71808280384474,289,5,1,True,4
10.795292683564924,106.71632279640792,380,4,4,True,4
10.791908407999603,106.72373930553105,326,1,4,False,5
10.804410076050523,106.69519242285345,13,3,10,True,6
10.786279019951841,106.69713720702622,287,3,3,True,6
10.802879744718041,106.71079577519286,461,4,1,True,1
10.805977685563779,106.69853864456503,496,1,1,True,8
10.79673736461731,106.70265118113925,136,5,4,False,6
10.811000006199295,106.711244303075,101,1,2,True,5
10.79592720562248,106.70666347032835,185,1,5,True,4
10.783108686907354,106.70542166464735,444,2,5,True,1
10.806845849247475,106.70537601509189,94,1,9,True,5
10.787476790205275,106.68836906574973,351,3,8,True,6
10.783604805995857,106.70190841723154,94,3,10,True,1
10.802467341438565,106.70269853854839,139,1,2,True,4
10.788290830021566,106.72059322629147,408,2,4,True,3
10.795496349426521,106.71922633796956,176,3,9,False,3
10.811432432931307,106.7052423219315,159,2,9,False,5
10.803497404282494,106.70769793407459,34,1,8,False,5
10.800322212218637,106.68649966748991,271,1,5,False,8
10.795252636422855,106.70535855324808,94,4,8,True,8
10.778428912282134,106.70859933240715,183,1,9,False,2
10.78272363691924,106.7255312768497,433,5,5,True,6
10.801820904903444,106.70483421550792,71,5,8,False,1
10.781978701849809,106.72117992946589,132,4,8,True,3
10.789553723922973,106.7170503622974,123,5,8,True,1
10.806817839366332,106.72461141897176,330,4,8,False,6
10.810735065952688,106.72386631928408,469,4,2,True,4
10.791386473954459,106.71952616010797,211,5,3,False,2
10.789118880652937,106.68870645639572,438,3,3,True,3
10.797397541568673,106.69130368566805,485,5,1,True,7
10.800207057261701,106.73134201829576,330,4,2,False,4
10.787513079657325,106.69184868632134,299,5,3,True,7
10.785344196412023,106.68977155932947,259,1,10,True,9
10.78035050879189,106.71439079666902,470,4,5,False,7
10.797113322615944,106.71555227445522,74,3,8,True,9
10.781228588759314,106.71832260276238,87,1,1,True,9
10.807033923631527,106.70292277337788,45,3,7,False,9
10.781244496286245,106.7210557047764,301,2,6,False,6
10.806127512473527,106.727998263622,404,2,8,False,4
10.799780390731307,106.71589163898552,459,1,7,True,1
10.803791954681147,106.70338892373077,210,4,2,True,2
10.780365142619592,106.72690652650186,348,5,6,False,4
10.785329008495228,106.69272848372934,55,4,9,False,9
10.808855269051374,106.69588370700494,290,1,4,False,1
10.80981426068485,106.6890657485067,214,2,7,False,9
10.796218950321665,106.7080235721229,303,4,2,False,8
10.808428856255482,106.71024903357178,240,5,7,False,6
10.793692242700654,106.71402122930277,104,4,10,False,2
10.782602479212745,106.69388078288547,158,3,7,True,2
10.783047219295456,106.70472974649948,288,3,5,True,8
10.777021734084368,106.69751192822659,144,3,7,True,6
10.798583989992594,106.68675840601722,36,4,1,False,9
10.783429683575742,106.73077058245828,386,1,5,False,4
10.808341696029343,106.707555016484,318,5,7,True,5
10.78161685748837,106.7002106569686,333,5,5,True,3
10.789889681450143,106.7009997883823,12,1,3,True,1
10.80845349580363,106.69895872657695,234,3,4,True,9
10.808780039160885,106.7326460797606,346,3,6,False,5
10.782314081353448,106.71139100477252,407,3,3,False,8
10.79738366366803,106.69027734773918,169,4,10,False,9
10.804372560597184,106.69747693831067,324,2,8,True,6
10.793953530953909,106.72371844334415,206,4,9,False,9
10.799287050624255,106.70144700196401,24,4,1,False,7
10.809532667602694,106.72867293729395,391,3,9,True,6
10.795352653746619,106.72778575041136,383,2,5,False,1
10.785716834951959,106.69355070844732,229,1,3,True,1
10.784991426293791,106.70509472856314,480,4,6,True,4
10.790235262264119,106.71240325954551,267,3,1,True,5
10.808402556247986,106.68900646130054,53,3,9,True,1
10.798515393933707,106.72759068239932,213,3,6,False,1
10.783079080152168,106.7223553963786,54,3,1,False,4
10.809654762182609,106.69747123677487,229,5,8,True,2
10.808888098443079,106.68841020017307,29,4,5,False,4
10.786266741298641,106.7071676690553,483,1,9,True,8
10.779533399008374,106.69497856770501,85,2,1,False,5
10.80805606331148,106.68788482800699,145,4,1,True,7
10.803067718688201,106.70912574359755,271,4,7,False,6
10.782087868021023,106.70711327880502,23,2,5,False,2
10.780109254620092,106.70179646532142,29,4,9,True,2
10.794759268899645,106.72538997966717,276,5,3,True,2
10.81208084285732,106.71954501190879,111,4,1,True,2
10.799149968105331,106.72420448000727,299,5,10,False,7
10.776659687070719,106.70047407105918,234,4,2,False,9
10.797743063644965,106.70053306565806,369,4,1,True,6
10.798999578272706,106.7101693794871,12,5,4,True,4
10.79063796990713,106.73126007849353,419,3,3,True,3
10.812351882651855,106.7012802534702,436,1,2,False,6
10.800073484119922,106.70542405962915,190,2,7,True,4
10.79752822314726,106.70897194329699,290,1,7,True,1
10.786741505345725,106.7304390223866,16,1,10,True,1
10.796301574953848,106.6909918359269,17,2,6,False,1
10.788316675924369,106.69298718579432,407,4,5,True,1
10.810648619198655,106.68951047902634,179,2,5,False,7
10.803612624296672,106.71063337040744,357,5,9,False,2
10.798596202472933,106.69614883587207,27,2,3,False,6
10.810737287516956,106.7097342608713,361,3,4,False,4
10.783052235431708,106.73005767198406,350,1,6,True,5
10.798209354380669,106.7312849633186,233,4,6,False,7
10.794305316626911,106.69421511320857,195,5,9,True,5
10.81213485310554,106.70810380108512,386,4,2,True,6
10.789183157768042,106.68723501710126,150,3,2,True,5
10.803542519988747,106.69713294814446,91,4,5,False,8
10.803067752234837,106.70662865715346,245,1,1,True,5
10.780995349375328,106.70778846466648,392,3,1,False,5
10.777151412580082,106.70899775240935,359,5,5,True,7
10.799653995108194,106.7268414590517,444,5,9,False,1
10.781302798209552,106.70586100049151,338,5,9,False,5
10.780298239369982,106.71527693915634,426,2,7,False,6
10.801475042923322,106.68680063643289,23,5,10,False,8
10.794439510648655,106.70331224261992,418,4,1,True,2
10.809312242389991,106.7175542964792,100,1,8,False,1
10.794446875570301,106.69973924030515,377,5,3,True,1
10.80145252922286,106.69921844801837,293,1,1,True,5
10.801206873620373,106.706962534607,120,1,7,False,9
10.811751585358518,106.72283039188417,14,3,7,False,2
10.778199478274788,106.71468381463089,62,2,9,False,4
10.806911520203998,106.7049940354782,320,3,3,True,4
10.787383499779654,106.71254063155271,460,1,10,True,9
10.807618398355373,106.73225998532601,50,4,10,False,8
10.80638848211927,106.7125932289999,302,4,3,True,9
10.777616374114636,106.68894005819632,434,2,5,True,9
10.799924684164123,106.71929962531489,445,3,1,False,2
10.803690925474402,106.71918998198635,458,1,3,False,8
10.782174689596067,106.7254330226068,206,3,3,False,1
10.794847458565437,106.71072885766922,203,4,7,False,6
10.77911955956999,106.73277401441253,20,5,7,False,1
10.807712218740875,106.69884399467264,204,2,7,True,1
10.79562547480486,106.69907434483683,434,1,4,True,5
10.804929911747628,106.69230091090867,399,2,6,True,9
10.78158081307817,106.69220725965327,409,4,8,False,2
10.791936388441718,106.69517636563569,255,1,9,True,6
10.793398689877534,106.73073635247795,67,3,6,True,1
10.794346242704723,106.69963066309184,484,3,9,True,8
10.80841492835075,106.68759825720397,430,1,9,False,1
10.802929127582358,106.72418284834441,66,1,2,True,4
10.808214107252441,106.70522420742289,196,1,10,False,8
10.799376424446915,106.7125289477082,478,4,6,True,8
10.8081200295978,106.72351722064421,445,5,1,True,6
10.79875317946124,106.68780114141836,277,5,10,True,1
10.79284745754087,106.71217362089642,374,4,7,True,1
10.787682703029803,106.70996894517742,201,1,8,True,9
10.781181493918465,106.69565700048805,411,3,1,True,1
10.781855983598161,106.69954101786436,26,3,3,False,5
10.789694503328377,106.72351365454726,394,5,1,True,6
10.79953867127055,106.73307019149286,458,4,4,True,1
10.778475931845549,106.70557198147425,76,2,10,False,1
10.790380286000293,106.72949587030367,327,5,1,True,8
10.787187379503528,106.69728374261122,385,5,7,False,1
10.776518930191484,106.72184927709449,283,3,2,False,2
10.802783654545443,106.69535586035451,44,2,10,False,4
10.798143999905843,106.6929129680198,245,3,2,True,8
10.798022157246752,106.69953579818605,340,3,2,False,7
10.779579937531475,106.69417989170904,316,5,8,False,6
10.788868784660192,106.70616326218988,206,1,1,True,9
10.793502603255803,106.72775236167466,430,3,3,False,6
10.78352176517845,106.7177982283206,288,2,5,True,2
10.798043358630833,106.72178528056101,163,2,6,False,6
10.77791510487799,106.71171541604622,199,4,3,False,2
10.777824622645955,106.72107850774478,117,5,5,True,4
10.781123616432122,106.69913540107747,246,3,8,True,3
10.80286693208566,106.68724812026232,362,3,10,False,4
10.801920087777408,106.71262143214047,440,3,6,True,3
10.80658766762332,106.69920815440426,16,1,4,True,6
10.794851880213917,106.68658224439861,187,2,2,False,8
10.80898041045537,106.68835842814092,406,5,10,True,2
10.80224542637336,106.72709874288859,182,4,8,False,6
10.803817331019602,106.72050176351081,383,4,2,True,6
10.778067415365102,106.69742503257287,347,1,5,False,4
10.809150353644009,106.70897873412034,56,1,2,True,1
10.795425852868714,106.70356190877833,170,4,9,True,8
10.786270299437383,106.70007438708386,230,3,9,True,9
10.784659678361653,106.70817443111767,252,3,4,False,6
10.78626132707553,106.697732900198,166,5,2,True,9
10.781383107986032,106.73054162274327,304,3,2,True,4
10.80138629191022,106.72990948625548,393,5,3,False,2
10.784020707361934,106.69331309039231,359,2,6,True,6
10.803363652724036,106.71775035798268,287,3,6,True,1
10.778672683158842,106.73199969521592,313,4,1,True,8
10.811974728833535,106.72170780681661,159,3,9,False,8
10.804434114161461,106.70995895669972,284,1,9,True,3
10.781788866500007,106.6980329695716,166,1,2,False,1
10.811933507765897,106.69824981771528,355,4,5,False,5
10.782611743083894,106.70383865815916,477,1,8,False,3
10.804107640104917,106.72566793799548,129,2,6,False,7
10.792034031258947,106.70628396292905,95,4,10,False,4
10.810664567162295,106.71771104650865,90,1,2,False,9
10.782231131870677,106.72094226753133,475,5,9,False,1
10.78609601540714,106.69599758341894,273,4,2,False,1
10.78259872474272,106.70791781371855,97,2,6,False,8
10.79818555691827,106.7088289230698,209,1,2,True,8
10.77794950574345,106.7172030618837,492,1,7,True,5
10.809714651794387,106.70650353494176,492,2,10,False,9
10.788848247490458,106.70815389478543,494,3,1,True,7
10.785456818465624,106.69449334295254,179,1,2,True,9
10.80620532985367,106.69808920573513,406,4,8,False,3
10.785191691762934,106.69190740737783,183,4,3,False,7
10.792989617494747,106.71019529849205,114,3,7,True,1
10.784650657410223,106.72266756975336,215,1,8,True,5
10.794510178652178,106.6906401712836,347,1,8,False,2
10.811186131684929,106.72205191863897,205,1,4,True,3
10.790711490393008,106.68706662988642,495,3,5,False,4
10.791164044380155,106.72827354654174,17,4,4,True,5
10.789385801597064,106.7313989737604,455,5,2,True,6
10.778604959124378,106.72476575730114,302,2,5,False,9
10.79069989029966,106.69678999277573,72,5,9,False,1
10.786922404741523,106.6938976133746,200,1,10,True,9
10.780869294153137,106.71153193417925,234,3,4,False,1
10.797694858891486,106.69966593592886,287,5,10,True,3
10.80687576887679,106.71974655684429,30,1,8,False,9
10.79496116202927,106.69703923748341,481,1,10,False,8
10.806517915293817,106.68737079851856,120,4,9,False,1
10.78049420680109,106.71502328303568,36,1,4,False,9
10.78684202833095,106.7018781916556,337,3,5,False,8
10.798314812627458,106.68775649746529,430,4,4,False,3
10.786672875629828,106.72691512386191,217,4,3,False,7
10.796808513076428,106.73144189854025,494,3,4,True,4
10.811163034991853,106.72578784955587,426,2,5,True,3
10.79729394026278,106.68818720850304,253,3,2,False,4
10.779245892118182,106.69309431519218,90,5,6,False,2
10.812345804743387,106.687024086961,471,2,1,False,7
10.794468336442904,106.68916686472842,114,5,5,False,1
10.788690232491565,106.71710359577514,12,5,2,True,9
10.809055935485347,106.70789019901841,346,2,6,False,1
10.802653437368061,106.70319322011915,38,2,2,False,7
10.787720832810916,106.71876215318873,229,3,10,False,9
10.80569431993542,106.68789692603309,97,3,2,False,7
10.800123338918192,106.70062515946502,55,5,9,True,3
10.785356216526516,106.69071899883582,290,3,3,True,9
10.808934593966134,106.72537847054028,26,3,10,False,3
10.792753271506072,106.71874656099561,167,1,4,True,4
10.807174102120687,106.72920586124748,321,2,2,True,5
10.791997258193934,106.689196902385,348,4,9,True,9
10.791709936661203,106.72351984173945,272,2,8,False,9
10.810005735710694,106.72294659295198,243,5,3,False,7
10.78647502425415,106.68963892163414,419,3,7,False,2
10.78884617428679,106.72204155520902,413,2,5,True,3
10.787741791546438,106.70258029486959,376,5,2,True,2
10.806509008090508,106.71650166799165,29,2,6,True,7
10.786247581579488,106.72009222599765,374,5,8,False,2
10.8036556928426,106.70698641904679,120,2,5,False,3
10.787590338465856,106.71334287193025,425,3,2,False,6
10.778734140337576,106.7072040032886,226,3,5,True,9
10.78363177603163,106.71515513048867,137,2,6,False,3
10.796841662924589,106.69646509767729,341,2,1,True,1
10.78860073069194,106.7128796773444,185,2,9,False,4
10.782437615818637,106.70372094554864,173,2,8,True,7
10.800860259886862,106.70686179400394,367,5,10,False,3
10.7851718001844,106.71834003003747,150,2,9,False,7
10.805605731337085,106.7229960247445,322,5,3,False,8
10.796122982151235,106.72299760306251,104,1,5,True,2
10.780155043747158,106.70789829784518,371,4,4,False,7
10.80374735374756,106.70025255956159,493,1,7,True,1
10.779584885516945,106.72278989820008,473,5,2,True,6
10.777865416471217,106.69137136732564,307,4,10,True,3
10.808255506610426,106.68932280478701,95,2,2,False,4
10.791439268427737,106.71666898936515,449,2,6,True,8
10.779506187367225,106.70609741938614,363,1,9,False,8
10.794547314478745,106.70677252047473,441,3,9,False,5
10.799553879759056,106.7121717579557,332,3,10,False,3
10.78767754931763,106.71375749246297,333,3,5,True,9
10.811632061636569,106.73176258680874,31,5,5,True,6
10.792067268052074,106.68927648979738,226,1,10,True,3
10.77735986041149,106.71729603405997,276,5,2,False,2
10.787434021309739,106.6935765489831,185,3,4,True,2
10.809293208800218,106.69864465545427,353,3,7,True,1
10.793500269569577,106.70197738318853,450,3,1,False,9
10.805306546928238,106.7167638054102,373,1,10,True,8
10.811077460277982,106.70483821903005,129,5,10,True,1
10.812008810349553,106.69146683196573,222,2,3,True,6
10.788423235638403,106.71284792354857,391,4,7,False,2
10.811233587839862,106.70990598701415,169,2,9,True,5
10.785261192381194,106.6907418664488,48,2,6,True,2
10.796537609469844,106.68938515010633,368,4,6,False,4
10.798913701584718,106.68700288222679,474,3,7,True,3
10.790402135917732,106.7034405719914,40,4,8,True,5
10.793563944611071,106.73206380741595,112,5,2,False,6
10.788709966529499,106.68718569857847,169,2,4,False,2
10.7984627262405,106.69614260375842,394,3,6,True,2
10.792676834234879,106.722502532965,265,2,10,True,6
10.793387869093177,106.7247782128806,24,4,10,True,5
10.812389534656948,106.73122497930046,300,2,9,False,1
10.80869268311397,106.69775342122983,234,3,10,True,6
10.792566633524938,106.73150867592334,480,3,5,True,2
10.77686995349759,106.71630745232443,170,2,6,True,9
10.799876764806305,106.72436401769349,476,4,9,False,8
10.810206401716483,106.68941693825681,333,2,6,True,9
10.797004649156642,106.70892752412064,210,5,8,False,4
10.808195104979927,106.69732849994071,295,3,9,False,6
10.78994143840346,106.70561584499937,197,3,9,True,1
10.788766413446206,106.70829565923864,191,2,10,True,7
10.798082930136722,106.71929809422346,385,3,6,True,9
